,growth_size,quality_size,value_size,mom_size,growth_value,quality_value,size_value,mom_value
t-stat,0.8839319478788831,0.3026814549210543,0.15713114272743173,-1.5791814814614122,-1.2754220138432018,-2.3837463180360228,3.0425079846253285,-1.0534141442267289
p-value,0.3770472079560432,0.7622282913226384,0.875187195995561,0.11475008929357187,0.2025980315071785,0.017419998451105305,0.002434676047433476,0.29251783990695096
