,comgro/pe,comqual/pe,comval/pe,mom/pe
L_H,0.020336854642309245,2.025466988011389e-07,1.3247367362213215e-06,0.18938085697288615
