,comgro/size,comqual/size,comval/size,mom/size
LOW,0.0038589991489630495,-0.02273096730973231,-0.023244275549172848,0.007290936671039736
HIGH,0.04142507059238779,0.013641235669946693,0.01763535162733882,0.0045081418675113755
