,comgro/size,comqual/size,comval/size,mom/size
LOW,0.13762818168862373,0.11580683735939587,0.11666942009664988,0.1957663920101943
HIGH,0.16370640526987476,0.13765779926155042,0.14772423139204752,0.2270350188223975
