,comgro/size,comqual/size,comval/size,mom/size
L_H,0.000789825917191297,0.0009053120826416765,0.00017589321363841354,0.862570717044805
