,comgro/pe,comqual/pe,comval/pe,mom/pe
L_H,0.022671158991761243,0.002443588135126479,2.0254326952855455e-07,0.18938085697288615
