,comgro/size,comqual/size,comval/size,mom/size
L_H,0.0012800503815545525,0.00017589521131417056,0.0006613728181043868,0.862570717044805
