,comgro/pe,comqual/pe,comval/pe,mom/pe
LOW,0.1624216049458281,0.142459243574898,0.13121598534949025,0.21674517739088334
HIGH,0.1739763614735538,0.12814433974261594,0.12459699623518027,0.22844421174047866
