,comgro/pe,comqual/pe,comval/pe,mom/pe
LOW,0.012712669390013793,-0.08065319478599806,-0.08543807300596094,-0.004652521341912016
HIGH,0.04266533048367914,-0.02973031016643333,-0.03104315412873037,0.01752365724471292
