,comqual/eps,comqual/sps,comqual/prof_mar,comqual/lgro,comqual/roic,comqual/ninc,comqual/cfo,comqual/cf
L_H,0.9253429608459224,0.8006141856081254,0.24852090510081412,0.5262962938497873,0.3936850673696852,0.43419630693671074,0.3150656594417535,0.9161717691477604
