,comqual/eps,comqual/sps,comqual/prof_mar,comqual/lgro,comqual/roic,comqual/ninc,comqual/cfo,comqual/cf
L_H,0.03185602970342041,0.017660919290492818,0.33279807430379205,0.7751910711476422,0.17098361054911299,0.7200645515532902,0.14062599574748494,0.5687387864544965
