,comqual/pe,comqual/pb
L_H,0.0024435969440529284,0.023574680245217527
