,comqual/pe,comqual/pb
L_H,8.388057747653214e-06,0.01295816358859668
