,comgro/pe,comgro/pb
L_H,0.020336854642309245,0.9591280118509383
