,qual,val,mom
grow,0.2564634782182058,-0.009588562715073589,0.3766104421433446
qual,1.0,0.04753313181097157,0.09136340867127202
val,0.04753313181097156,1.0,0.17403677126658496
