,qual,val,mom
grow,0.13178764371156315,-0.0766573704201141,-0.02934848452631445
qual,1.0,0.10928718813116751,-0.10181573736075068
val,0.10928718813116751,1.0,-0.03574395677373742
