,qual,val,mom
grow,0.5102515853583529,0.3856316571754365,0.37629198501042077
qual,0.9999999999999998,0.35115194855817705,0.22288684014536844
val,0.35115194855817705,1.0,0.21907974704010563
