,qual,val,mom
grow,0.4281023579694662,0.19880638318464064,0.18846940028922227
qual,1.0,0.13282762279816349,0.02369616675985388
val,0.1328276227981635,1.0,0.07492618797436759
