,eps/beta,sps/beta,prof_mar/beta,roic/beta,ninc/beta,cfo/beta,cf/beta,sg/beta,mom/beta,cfni/beta,art/beta,goodwill/beta,leve/beta,quick/beta,a_turn/beta
LOW,0.039269117,0.01553364,0.023783198,0.014906538,0.022988266,0.006084681,0.018268815,0.01125576,-0.005466886,-0.001515234,0.002048842,0.017513417,-0.022849144,0.004386116,0.018746286
HIGH,0.012972844,0.037515828,0.034795025,0.023242863,0.014703672,0.015835561,0.00956727,0.01831167,0.018479272,0.001207117,0.006826939,-0.005072918,-0.005480791,0.003192954,0.016248899
