,eps/size,sps/size,prof_mar/size,roic/size,ninc/size,cfo/size,cf/size,sg/size,mom/size,pe/size,pb/size
LOW,0.23698643773962796,0.2217426918419857,0.34704772873225476,-0.0437135287189146,0.2558914260798699,-0.24073765753529294,0.17493716485328295,0.008149146041481143,0.08749124005247684,-0.24990746198006308,-0.19228489524332626
HIGH,0.6222254622036667,0.7466943478971756,0.25053110456335465,0.2660108876836943,0.27773199125546855,0.2866333439085075,0.1179686047214622,0.3271658464698927,0.054097702410136506,0.20873744812178524,0.1101108940687851
