,eps/pe,sps/pe,prof_mar/pe,roic/pe,ninc/pe,cfo/pe,cf/pe,sg/pe,mom/pe,cfni/pe,art/pe,goodwill/pe,leve/pe,quick/pe,a_turn/pe,eps/pb,sps/pb,prof_mar/pb,roic/pb,ninc/pb,cfo/pb,cf/pb,sg/pb,mom/pb,cfni/pb,art/pb,goodwill/pb,leve/pb,quick/pb,a_turn/pb
LOW,-0.002928905,-0.008802057,0.038596052,0.001723413,0.023090553,-0.00268096,0.017559232,0.005923503,-0.004652521,0.004560537,-0.017673961,-0.011601056,-0.00234563,-0.030445702,-0.023529115,0.028934986,0.00721357,0.050855101,0.006650343,0.021050837,-0.008046982,0.018752664,0.005886005,0.004255192,0.003863778,-0.005829509,-0.022017499,-0.012848053,-0.037883474,-0.017938415
HIGH,0.023235049,0.032577001,0.039868855,0.044157213,0.017037602,0.014792055,0.024910998,0.022726445,0.017523657,-0.006712671,0.01544096,0.018525712,-0.011589123,-0.013321006,0.03773975,0.012358756,0.022470506,-0.007330751,-0.028151814,0.015775527,0.009728215,0.006864914,0.020483828,0.002769707,0.015910434,0.009700056,-0.002845923,-0.022743128,0.010884114,0.002326497
