,eps/beta,sps/beta,prof_mar/beta,roic/beta,ninc/beta,cfo/beta,cf/beta,sg/beta,mom/beta,cfni/beta,art/beta,goodwill/beta,leve/beta,quick/beta,a_turn/beta
LOW,0.4712294012428136,0.1864036743125962,0.28539837091835607,0.1788784613794801,0.27585918834607853,0.07301616841215935,0.21922578440360418,0.13506912462580692,-0.06560262954394563,-0.018182813744375335,0.02458610736064097,0.21016100167409923,-0.2741897327809077,0.05263339539437813,0.22495543308443416
HIGH,0.15567413242424186,0.4501899350880769,0.4175403030415885,0.278914359930204,0.1764440653758273,0.19002672645104893,0.11480723874706932,0.21974004483725004,0.22175126746761692,0.014485405897430515,0.08192326476683699,-0.06087502155166534,-0.0657694893615645,0.03831544618148058,0.19498678765332805
