,eps,sps,prof_mar,lgro,roic,ninc,gmar,cfo,cf,sg,mom,cfni,art,ar,goodwill,leve,tar,rc,inv_turn,spread,quick,a_turn,fpe,fpb,pe,pb
tstat,0.984322310261146,0.6052906009469955,0.6587989017872624,0.7974331160717228,0.9292672455634629,0.015562779654034818,0.30520060008272853,0.4629446715973259,0.9395181162771514,0.28516446679827795,0.6867550064840455,0.6662335692676876,0.11073690247892913,0.11073690247892913,0.15999594895813135,0.953495275081464,0.9768178501625048,0.28571003050982546,0.34973608525795796,0.6969597828659997,0.9416082127714825,0.39556089644760195,0.20634867447822608,0.13955140956199455,0.4974113287725217,0.7050621132421089
significance,0.0,0.0,0.0,0.0,0.0,1.0,0.0,0.0,0.0,0.0,0.0,0.0,0.0,0.0,0.0,0.0,0.0,0.0,0.0,0.0,0.0,0.0,0.0,0.0,0.0,0.0
