,eps/beta,sps/beta,prof_mar/beta,roic/beta,ninc/beta,cfo/beta,cf/beta,sg/beta,mom/beta,cfni/beta,art/beta,goodwill/beta,leve/beta,quick/beta,a_turn/beta
L,0.27522456170269805,0.7200375865010088,0.5350669628862131,0.7049684428092453,0.2373241055689276,0.8662156486149541,0.2412211794329671,0.47039612563176003,0.16453286058798022,0.6568418427344426,0.9110621892218211,0.2610189339096863,0.2090171397060556,0.6401852537024044,0.5005813774860857
H,0.6550563282661535,0.388240759986487,0.6184749886559446,0.668058820990841,0.7976329320032778,0.3988562141931151,0.9411929563732953,0.9633397581616132,0.7980313383682678,0.9394161190594256,0.6035308812220876,0.4009288591937682,0.54575348852461,0.7261037460483091,0.6535182786934418
