,eps/beta,sps/beta,prof_mar/beta,roic/beta,ninc/beta,cfo/beta,cf/beta,sg/beta,mom/beta,cfni/beta,art/beta,goodwill/beta,leve/beta,quick/beta,a_turn/beta
LOW,0.272443965,0.282567407,0.139779724,0.157527896,0.14239455,0.134095207,0.107744938,0.153843401,0.191877226,0.117255781,0.134836037,0.156442987,0.13701949,0.151346731,0.154346875
HIGH,0.263515976,0.27326623,0.150927197,0.15168212,0.143208981,0.137080926,0.113043262,0.168365042,0.204911913,0.103481306,0.11582575,0.15910306,0.135879138,0.159767929,0.14302464
