,eps/pe,sps/pe,prof_mar/pe,roic/pe,ninc/pe,cfo/pe,cf/pe,sg/pe,mom/pe,cfni/pe,art/pe,goodwill/pe,leve/pe,quick/pe,a_turn/pe,eps/pb,sps/pb,prof_mar/pb,roic/pb,ninc/pb,cfo/pb,cf/pb,sg/pb,mom/pb,cfni/pb,art/pb,goodwill/pb,leve/pb,quick/pb,a_turn/pb
LOW,0.275360972,0.281865115,0.149267948,0.153970231,0.147945908,0.144455245,0.105657518,0.165829914,0.216745177,0.120262303,0.137380845,0.149405475,0.127656195,0.168482962,0.168357226,0.264915853,0.274535657,0.165994252,0.147581401,0.141287558,0.145906452,0.111437237,0.148317687,0.22683645,0.110918296,0.130299261,0.183397598,0.136567261,0.172163336,0.147968233
HIGH,0.266872943,0.270432229,0.161348785,0.166654357,0.126847538,0.168583834,0.124385864,0.17522515,0.228444212,0.116486603,0.124980659,0.16899801,0.152995204,0.17109703,0.136715242,0.283476798,0.291180123,0.131439692,0.143696261,0.117882663,0.154400952,0.124922249,0.174868279,0.208676551,0.10585612,0.12720943,0.179214626,0.130631772,0.176751512,0.135525441
