,eps/beta,sps/beta,prof_mar/beta,roic/beta,ninc/beta,cfo/beta,cf/beta,sg/beta,mom/beta,cfni/beta,art/beta,goodwill/beta,leve/beta,quick/beta,a_turn/beta
LOW,0.9437735793404677,0.9788422110290533,0.4842111672153351,0.5456926380135801,0.49326919049265067,0.46451942322203565,0.3732394134572919,0.5329291722968279,0.6646822091915958,0.40618594185127777,0.4670857347336124,0.5419344047373315,0.4746494365249613,0.5242804541206355,0.5346732573834282
HIGH,0.9128461181319972,0.9466219884327173,0.5228271455376255,0.5254422776438018,0.4960904613226307,0.47486225852001795,0.391593346902199,0.5832336130946306,0.7098356880691696,0.35846975916566437,0.40123216835069264,0.5511491676196302,0.4706991409816396,0.5534523398788905,0.4954518858351581
