,eps_size,sps_size,prof_mar_size,lgro_size,roic_size,ninc_size,gmar_size,cfo_size,cf_size,sg_size,mom_size,cfni_size,art_size,ar_size,goodwill_size,leve_size,tar_size,rc_size,inv_turn_size,spread_size,quick_size,a_turn_size,fpe_size,fpb_size,pe_size,pb_size
L_M,0.9223442025641118,0.03325358036653034,0.03812140179811467,0.3354386638632175,0.35057504038484777,0.4534121791014325,0.2983190063315691,0.07469288343510724,0.5885232489199878,0.842514519660157,0.4996696261557476,0.43980470668326443,0.8145485004053145,0.8145485004053145,0.5534960170114643,0.7155901790645269,0.09123721165181967,0.10425226396009271,0.25509271578632114,0.004031007403060293,0.185032125207028,0.13735722151841445,0.21770620392625997,0.16250756897624577,0.036297349563811816,0.2988937061860146
M_H,0.008617950608270713,0.039256298762560114,0.04357807105989446,0.035942555940476746,0.06170461354141514,0.2331170980176951,0.7433301323204837,0.04621174382625155,0.8115207927820294,0.08432740785298141,0.4433283920772544,0.274788914563052,0.5623672803756856,0.5623672803756856,0.5292840146788451,0.10249170896325244,0.09025152394869954,0.4938647774010111,0.8002094264408857,0.7879612580999136,0.033664285111899714,0.47552499684770533,0.7281244558628659,0.15127913740383056,0.9607003049957132,0.31606804435888236
L_H,0.0032799616200172325,1.4249255887858644e-05,0.9230562862168246,0.0010810450936201282,0.007337741078529515,0.6013080663786068,0.525323918714999,0.00010574008993800068,0.447333822900601,0.04976986255126062,0.8909529640669485,0.7412188145967696,0.40453324707445426,0.40453324707445426,0.2466233449269663,0.21242952870081636,0.0007671103485960986,0.022460638196674296,0.1816819020836113,0.01736683429125747,0.0004523303600060657,0.033983380981091355,0.1088342875659011,0.840256482632401,0.041125786691303505,0.05793708265652539
