,eps_beta,sps_beta,prof_mar_beta,roic_beta,ninc_beta,cfo_beta,cf_beta,sg_beta,mom_beta,cfni_beta,art_beta,goodwill_beta,leve_beta,inv_turn_beta,quick_beta,a_turn_beta,pe_beta,pb_beta
L_M,0.5022260938269862,0.18238851347137758,0.4238463188427425,0.48161662852561926,0.23694010665688592,0.4134871613975808,0.8659213353178783,0.7479518320699556,0.05568993366143223,0.7381373272656959,0.9677655607276613,0.6988966956551825,0.363265713784686,0.6286792681281879,0.8713355609521366,0.3402390514972239,0.013775836824179837,0.9031100819719166
M_H,0.8631815869838952,0.9582975210979658,0.17646530533110658,0.5309155732880191,0.409351514313527,0.9003654445900806,0.5929295946103512,0.8459757047081274,0.5785374824224707,0.7222947014937318,0.8746546355890618,0.2577871038763491,0.6389457467132067,0.8773299377528441,0.7292690345185873,0.36043238268159217,0.09114098312077498,0.9059169413265197
L_H,0.6000441594728361,0.1779385762080507,0.5202027980254339,0.20085118349206807,0.05203023821202451,0.3961637053304482,0.487675182347589,0.6372965377934048,0.21330409434372236,0.9954415992757033,0.9094901172787344,0.484553832449211,0.6844814236792527,0.5381866104798628,0.8448769573668105,0.9655052895299565,0.3877863047771163,0.8103522490632082
