,eps/pe,sps/pe,prof_mar/pe,roic/pe,ninc/pe,cfo/pe,cf/pe,sg/pe,mom/pe,cfni/pe,art/pe,goodwill/pe,leve/pe,quick/pe,a_turn/pe,eps/pb,sps/pb,prof_mar/pb,roic/pb,ninc/pb,cfo/pb,cf/pb,sg/pb,mom/pb,cfni/pb,art/pb,goodwill/pb,leve/pb,quick/pb,a_turn/pb
L_H,0.20745106164747423,0.04951414826405929,0.9143795945697968,0.0005767006245699061,0.5641880956637999,0.1776987487168687,0.4051033913095732,0.1962165256380886,0.18938085697288615,0.21149463296242263,0.0010265982546671176,0.03140907838960952,0.38918078025008074,0.18573586746439757,2.3234715168491516e-07,0.42975303249641017,0.47911177212382927,4.300354342649086e-07,0.0018562270975624766,0.5945481816550596,0.15190393220755977,0.18953873766256246,0.23741762534175384,0.9283869043376403,0.14492042422526272,0.11523208752408587,0.22764466685289808,0.3311303067242548,0.0002601988889030038,0.06222996010544764
