,eps_unsys,sps_unsys,prof_mar_unsys,lgro_unsys,roic_unsys,ninc_unsys,gmar_unsys,cfo_unsys,cf_unsys,sg_unsys,mom_unsys,cfni_unsys,art_unsys,ar_unsys,goodwill_unsys,leve_unsys,tar_unsys,rc_unsys,inv_turn_unsys,spread_unsys,quick_unsys,a_turn_unsys,fpe_unsys,fpb_unsys,pe_unsys,pb_unsys
L_M,0.7439192841533881,0.02369475390200245,0.03260691712449033,0.42758371191916233,0.003796827018737248,0.9910294798869624,0.6297662454956984,0.9574179333610261,0.24292427878388914,0.13130756278368258,0.6861316414079375,0.4507434079302396,0.08902273342729307,0.08902273342729307,0.052630135252990824,0.0008825363238848737,0.11334670435053722,0.0076928006872341624,0.4463893537662278,0.8403311646535415,0.04046339658818306,0.08217962122871722,0.9047345078578162,0.5758092065537617,0.0004094050067730371,0.03942637729708056
M_H,0.4160371801499405,0.635886745794434,0.04441383555243569,0.7066048583092968,0.8674726435160178,0.2827269530694927,0.8476210364493911,0.14102974152798478,0.7651664924850635,0.6322290965167536,0.3284550976261301,0.3873582128499288,0.24840675189518047,0.24840675189518047,0.9406508823749614,0.7660921774407914,0.2555915387582829,0.24517745281960943,0.06805220202546294,0.5786079056372887,0.7228162770609416,0.8240292290726395,0.9952807697139481,0.3319620593760033,0.8669060373428078,0.46450643324706087
L_H,0.5542310535207953,0.0929684716308956,0.7139220493214697,0.2768033288778661,0.0070863975222309385,0.30070160402927115,0.7475774371976078,0.12752345927670855,0.4030861040854159,0.062062515899574344,0.5857514033460725,0.9952890051636254,0.4879568446196637,0.4879568446196637,0.04299230278047609,0.0026960662619177934,0.008491078786683356,0.0006374151684921339,0.015887739283833517,0.5126498849478278,0.025108726018962003,0.12055895954542598,0.89889891025007,0.12140654937163575,0.00039466011760167717,0.007225471155635883
