,fpe_unsys,fpb_unsys,pe_unsys,pb_unsys,mom_unsys,cfni_unsys,art_unsys,ar_unsys,goodwill_unsys,leve_unsys,tar_unsys,rc_unsys,inv_turn_unsys,spread_unsys,quick_unsys,a_turn_unsys
L_M,0.9047345078578162,0.5758092065537617,0.0004094050067730371,0.03942637729708056,0.6861316414079375,0.4507434079302396,0.08902273342729307,0.08902273342729307,0.052630135252990824,0.0008825363238848737,0.11334670435053722,0.0076928006872341624,0.4463893537662278,0.8403311646535415,0.04046339658818306,0.08217962122871722
M_H,0.9952807697139481,0.3319620593760033,0.8669060373428078,0.46450643324706087,0.3284550976261301,0.3873582128499288,0.24840675189518047,0.24840675189518047,0.9406508823749614,0.7660921774407914,0.2555915387582829,0.24517745281960943,0.06805220202546294,0.5786079056372887,0.7228162770609416,0.8240292290726395
L_H,0.89889891025007,0.12140654937163575,0.00039466011760167717,0.007225471155635883,0.5857514033460725,0.9952890051636254,0.4879568446196637,0.4879568446196637,0.04299230278047609,0.0026960662619177934,0.008491078786683356,0.0006374151684921339,0.015887739283833517,0.5126498849478278,0.025108726018962003,0.12055895954542598
