,eps/beta,sps/beta,prof_mar/beta,roic/beta,ninc/beta,cfo/beta,cf/beta,sg/beta,mom/beta,cfni/beta,art/beta,goodwill/beta,leve/beta,quick/beta,a_turn/beta
L_H,0.19992479340846106,0.29930949481413205,0.32043522095397636,0.4810686846390916,0.4463468377722244,0.3836331454858468,0.30316783110782936,0.5657188962132687,0.11200205038869934,0.7465416029893237,0.6192741727410525,0.10258704255094074,0.09502322922120975,0.9198151642249809,0.8263398462383111
